<?xml version="1.0" encoding="UTF-8"?>
<project-private xmlns="http://www.netbeans.org/ns/project-private/1">
    <editor-bookmarks xmlns="http://www.netbeans.org/ns/editor-bookmarks/2" lastBookmarkId="0"/>
    <open-files xmlns="http://www.netbeans.org/ns/projectui-open-files/2">
        <group>
            <file>file:/C:/Users/drenf/Syncplicity%20Folders/SAD%20hw%20(ryan%20conyac)/SADApp1/src/CircularShifter.java</file>
            <file>file:/C:/Users/drenf/Syncplicity%20Folders/SAD%20hw%20(ryan%20conyac)/SADApp1/src/ShifterTypes.java</file>
            <file>file:/C:/Users/drenf/Syncplicity%20Folders/SAD%20hw%20(ryan%20conyac)/SADApp1/src/NoExtraWhiteSpaceOrNumbers.java</file>
            <file>file:/C:/Users/drenf/Syncplicity%20Folders/SAD%20hw%20(ryan%20conyac)/SADApp1/src/SorterTypes.java</file>
            <file>file:/C:/Users/drenf/Syncplicity%20Folders/SAD%20hw%20(ryan%20conyac)/SADApp1/src/MainUserInterface.java</file>
            <file>file:/C:/Users/drenf/Syncplicity%20Folders/SAD%20hw%20(ryan%20conyac)/SADApp1/src/ShiftManager.java</file>
            <file>file:/C:/Users/drenf/Syncplicity%20Folders/SAD%20hw%20(ryan%20conyac)/SADApp1/src/FormatManager.java</file>
        </group>
    </open-files>
</project-private>
