<?xml version="1.0" encoding="UTF-8"?>
<project-private xmlns="http://www.netbeans.org/ns/project-private/1">
    <editor-bookmarks xmlns="http://www.netbeans.org/ns/editor-bookmarks/2" lastBookmarkId="0"/>
    <open-files xmlns="http://www.netbeans.org/ns/projectui-open-files/2">
        <group>
            <file>file:/D:/back%20up%20of%20school%20files/software%20engineering%202/syncplicity/SAD%20hw/HW2/HW2/src/MasterControl.java</file>
            <file>file:/D:/back%20up%20of%20school%20files/software%20engineering%202/syncplicity/SAD%20hw/HW2/HW2/src/KWIC.java</file>
        </group>
    </open-files>
</project-private>
